type	arg1	arg2	arg3	note
anchor	SA_T06_sthmavt	510	570	Sthiramati MAVT bound to his date
anchor	SA_T06_sthmavt1	510	570	Sthiramati MAVT ch1
anchor	SA_T06_sthmavtyg	510	570	Sthiramati MAVT (Yamaguchi ed)
order	SA_T07_vakobhau	SA_K10_bsu021_u		Lankavatara same-or-after Vasubandhu (AKBh)
order	SA_T06_sthtvbh	SA_T06_trimsikatika		Trimsikatika after Trimsikabhasya
not_before	SA_T07_vabhdicu	700		Vibhasaprabhavrtti is late, assume after 700
anchor	SA_GS24_panini_u	-400	-300	Panini Astadhyayi (Wikipedia: c.350 BCE consensus, range 6th-4th c)
anchor	SA_GS24_paninipu	-400	-300	Panini Astadhyayi padapatha
anchor	SA_GK19_ragh	380	455	Kalidasa floruit (Gupta court, Chandragupta II 380-415 -> Kumaragupta I)
anchor	SA_GK19_ragh1-6u	380	455	Kalidasa Raghuvamsa 1-6
anchor	SA_GK19_kragh_pu	380	455	Kalidasa Raghuvamsa (padapatha)
anchor	SA_GK19_kakumspu	380	455	Kalidasa Kumarasambhava
anchor	SA_GK19_meghdk_u	380	455	Kalidasa Meghaduta
anchor	SA_GK19_kmeghdpu	380	455	Kalidasa Meghaduta
anchor	SA_GK19_kmeghvpu	380	455	Kalidasa Meghaduta
anchor	SA_GK19_kalrs_pu	380	455	Kalidasa Rtusamhara
anchor	SA_GK20_ksakunpu	380	455	Kalidasa Abhijnanasakuntala
anchor	SA_GSP29_nyamanu	850	910	Jayanta Bhatta Nyayamanjari, 9th c (contemporary of King Sankaravarman r.883-902); was 900-1000
order	SA_T07_vakobhau	SA_T07_vabhdiku		Abhidharmadipa verses after Vasubandhu (AKBh)
order	SA_T07_vakobhau	SA_T07_vabhdilu		Abhidharmadipa verses after Vasubandhu (AKBh)
order	SA_T07_vabhdiku	SA_T07_vabhdicu		Abhidharmadipa verses before Vibhasaprabhavrtti (its commentary)
order	SA_T07_vabhdilu	SA_T07_vabhdicu		Abhidharmadipa verses before Vibhasaprabhavrtti
anchor	SA_T04_nagmmk_u	150	250	Nagarjuna Mulamadhyamakakarika (c.150-250)
anchor	SA_T04_bsa027_u	150	250	Nagarjuna Madhyamakasastra (=MMK)
anchor	SA_T04_nagvvy_u	150	250	Nagarjuna Vigrahavyavartanikarika
anchor	SA_T04_bsa021_u	150	250	Nagarjuna Vigrahavyavartani
anchor	SA_T04_nagvigvu	150	250	Nagarjuna Vigrahavyavartani
anchor	SA_T04_bsa016_u	150	280	Nagarjuna Sunyatasaptati (Yukti corpus, accepted; Skt fragmentary)
anchor	SA_T04_nagyuksu	150	280	Nagarjuna Yuktisastika (Yukti corpus, accepted; mainly in translation)
anchor	SA_T04_canprasu	570	650	Candrakirti Prasannapada
anchor	SA_T04_bsa053_u	570	650	Candrakirti Madhyamakavatara
anchor	SA_T04_n2980u	570	650	Candrakirti Madhyamakavatarakarika
anchor	SA_T04_n847u	570	650	Candrakirti Madhyamakasastrastuti
anchor	SA_T04_n1003u	500	570	Bhaviveka Madhyamakahrdaya
anchor	SA_T04_tat	725	788	Santaraksita Tattvasamgraha
anchor	SA_T04_tatpa	740	795	Kamalasila Tattvasamgrahapanjika
anchor	SA_T04_ksmadhlu	740	795	Kamalasila Madhyamakaloka
anchor	SA_T04_bsa047	740	795	Kamalasila Bhavanakrama
anchor	SA_T04_bsa014_u	685	763	Santideva Siksasamuccayakarika
anchor	SA_T04_bsa004_u	1000	1054	Atisa Bodhipathapradipa (composed ~1042)
order	SA_T04_tat	SA_T04_tatpa		Tattvasamgraha before Kamalasila's panjika on it
anchor	SA_T01_nagast_u	150	600	Acintyastava DISPUTED Catuhstava hymn (researched-as-Nagarjuna but DCS slot4/medieval; attribution contested) - wide
order	SA_T06_bsa022_u	SA_T06_vasvvmsu		Viṃśatikā kārikā precede their own Viṃśikāvṛtti (Vasubandhu auto-commentary)
order	SA_T11_dhkprvku	SA_T11_dhkpvsvu		Pramāṇavārttikakārikā precede Dharmakīrti's svavṛtti (auto-commentary)
order	SA_T11_pramanvu	SA_T11_dhkpvsvu		Pramāṇavārttika verses precede Dharmakīrti's svavṛtti (auto-commentary)
anchor	SA_GSD37_apastd_u	-350	-150	Olivelle (Between the Empires 2006): earliest Dharmasūtra ~3rd c BCE; dharmasūtras not earlier than late-4th c BCE
anchor	SA_GSD37_gautdh_u	-300	-100	Olivelle 2006: Gautama DhS, late centuries BCE, closely tied/transitional to Manu
anchor	SA_GSD37_gautdhcu	-300	-100	Olivelle 2006: Gautama DhS, late centuries BCE, closely tied/transitional to Manu
anchor	SA_GSD37_baudhd_u	-250	-100	Olivelle 2006: Baudhāyana DhS (GSD37 dharmasūtra; TI title 'śrautasūtra' is mislabeled), late centuries BCE
anchor	SA_GSD37_vasist_u	-150	100	Olivelle (Dharmasūtras): latest of the four Dharmasūtras, turn of the era
anchor	SA_GSD36_manu2p_u	100	300	Olivelle: Mānava-Dharmaśāstra (Manu) watershed — post-Dharmasūtra, pre-Yājñavalkya; ~2nd-3rd c CE (Olivelle 2005)
anchor	SA_GSD36_yajn2_pu	300	500	Olivelle 2006: Yājñavalkya composed ~4th-5th c CE (post-Manu)
anchor	SA_GSD36_narads_u	400	600	Olivelle 2006: Nārada vyavahāra-monograph, mid-first-millennium CE (post-Yājñavalkya)
anchor	SA_GSD36_nars2_pu	400	600	Olivelle 2006: Nārada vyavahāra-monograph, mid-first-millennium CE (post-Yājñavalkya)
anchor	SA_GSD36_brhasp_u	400	600	Olivelle 2006: Bṛhaspati vyavahāra-monograph, mid-first-millennium CE
anchor	SA_GSD36_brhasppu	400	600	Olivelle 2006: Bṛhaspati Vyavahārakāṇḍa, mid-first-millennium CE
anchor	SA_GSD36_katy2p_u	400	600	Olivelle 2006: Kātyāyana vyavahāra-monograph, mid-first-millennium CE
order	SA_GSD37_apastd_u	SA_GSD37_vasist_u		Olivelle: Āpastamba (earliest DhS) before Vasiṣṭha (latest DhS)
order	SA_GSD37_vasist_u	SA_GSD36_manu2p_u		Olivelle: Dharmasūtras before Manu (watershed)
order	SA_GSD36_manu2p_u	SA_GSD36_yajn2_pu		Olivelle: Manu before Yājñavalkya
order	SA_GSD36_yajn2_pu	SA_GSD36_narads_u		Olivelle: Yājñavalkya before the vyavahāra-monographs (Nārada)

# --- Tantric texts: latest scholarly consensus (reference-literature ag-sweep) ---
anchor	SA_T01_rahppspu	200	300	m 3rd c. CE | Lamotte, Mahāprajñāpāramitāśāstra (Le Traité, vo [tantric-consensus sweep]
anchor	SA_T01_naglok_u	150	200	m late 2nd c. CE | Walser 2005, Nāgārjuna in Context [tantric-consensus sweep]
anchor	SA_T02_bsa006_u	825	925	m mid-to-late 9th c. CE | Wedemeyer 2007 (Āryadeva's Lamp...) and Wedemeye [tantric-consensus sweep]
anchor	SA_T02_bsa048_u	825	925	h mid-to-late 9th c. CE | Wedemeyer 2007, Āryadeva's Lamp That Integrates  [tantric-consensus sweep]
anchor	SA_T01_nagast_u	125	175	m ca. 2nd c. CE | Brunnhölzl 2009, The Luminous Heart; Brunnhölzl  [tantric-consensus sweep]
anchor	SA_GR13_pasupspu	300	500	m ca. 4th-5th c. CE | Jacobsen 2012, Yoga Powers; Potter 1977, Encyclo [tantric-consensus sweep]
anchor	SA_GR13_pasupbhu	300	500	m ca. 4th-5th c. CE | Jacobsen 2012, Yoga Powers; Potter 1977, Encyclo [tantric-consensus sweep]
anchor	SA_T01_n2925u	125	175	m ca. 2nd c. CE | Brunnhölzl 2008, In Praise of Dharmadhātu (Nāgār [tantric-consensus sweep]
anchor	SA_MB_yoginiitantramHK	1500	1700	h 16th-17th c. CE | Hugh B. Urban, The Power of Tantra, 2010 [tantric-consensus sweep]
anchor	SA_MB_satcakranirnayaHK	1525	1625	m 16th c. CE | Feuerstein, Tantra: Path of Ecstasy 1998; Segall [tantric-consensus sweep]
anchor	SA_MB_prayascittasamuccayaHK	1100	1200	m 12th c. CE | Sanderson, The Śaiva Age 2009 (Trilocanaśiva 12t [tantric-consensus sweep]
anchor	SA_T02_Mañjuśrīyaśa_Laghukālacakratantra-Vimalaprabhā-Vol2_Dwivedi-Bahulkar_1994	1000	1040	h early 11th c. CE (c. 1025) | Geoffrey Samuel, The Origins of Yoga and Tantra  [tantric-consensus sweep]
anchor	SA_GR13_kirtm_pu	500	700	h 6th-7th c. CE (pre-8th c.) | Watson 2006 (citing Goodall 1998, ed. Kiranatant [tantric-consensus sweep]
anchor	SA_GR14_satvtanu	800	1000	h 9th-10th c. CE | Sanderson 2009, The Saiva Age [tantric-consensus sweep]
anchor	SA_MB_kubjikaatantramHK	950	1100	m late 10th-11th c. CE | Flood 2006, The Tantric Body; cf. Sanderson 2009 [tantric-consensus sweep]
anchor	SA_MB_makutaagamaHK	1100	1550	m late South Indian Siddhānta  | Sanderson 2009, The Saiva Age (n. 662) [tantric-consensus sweep]
anchor	SA_MB_saktisa.mgamatantra_kalikhandaHK	1500	1700	h 16th-17th c. CE | N.N. Bhattacharyya 2006, History of the Tantric  [tantric-consensus sweep]
anchor	SA_GR13_kirtc_pu	550	800	m early Śaiva Siddhānta script | Watson 2006, The Self's Awareness of Itself; San [tantric-consensus sweep]
anchor	SA_T01_n835u	850	1000	m late 9th-10th c. CE | Sanderson, The Śaiva Age (2009), on the Cakrasaṃ [tantric-consensus sweep]
anchor	SA_T02_Abhayākaragupta_Kālacakrāvatāra_Mishra_2016	1100	1125	h c. 1100-1125 CE (early 12th  | Sanderson, The Śaiva Age (2009) [tantric-consensus sweep]
anchor	SA_MB_brhannilatantram-HK	1400	1700	m late medieval (c. 15th-17th  | Sanderson, The Śaiva Age (2009); Kinsley, Tantri [tantric-consensus sweep]
anchor	SA_T02_Abhayākaragupta_Kālacakrāvatāra_Unknown_Unknown	1075	1125	h early 12th c. CE | Sanderson 2009, The Śaiva Age (dates of Abhayāka [tantric-consensus sweep]
anchor	SA_T02_Anonymous_Kālacakrapūjāvidhi_RBTRD_2014	1025	1200	m 11th-12th c. CE | Sanderson 2009, The Śaiva Age (introduction/emer [tantric-consensus sweep]
anchor	SA_GR13_vinst_pu	800	900	m 9th c. CE | Sanderson 2009, The Śaiva Age; Goudriaan (ed.) c [tantric-consensus sweep]
anchor	SA_T02_n1424u	775	825	h late 8th - early 9th c. CE | Sanderson 2009, The Śaiva Age (places Dīpaṃkarab [tantric-consensus sweep]
anchor	SA_T01_n910u	900	1200	m 10th-12th c. CE | English, Vajrayoginī: Her Visualization, Rituals [tantric-consensus sweep]
anchor	SA_T01_n862u	600	720	m 7th c. CE (or earlier) | Nakamura, Indian Buddhism: A Survey (1980), on t [tantric-consensus sweep]
anchor	SA_MB_tattvatrayanirnayaHK	650	725	h 7th-early 8th c. CE | Watson, The Self's Awareness of Itself (2006), § [tantric-consensus sweep]
anchor	SA_MB_naresvarapariiksaaHK	650	725	h 7th-early 8th c. CE | Watson, The Self's Awareness of Itself (2006), § [tantric-consensus sweep]
anchor	SA_MB_tattvasamgrahaHK	650	725	h 7th-early 8th c. CE | Watson, The Self's Awareness of Itself (2006), § [tantric-consensus sweep]
anchor	SA_MB_moksakarikaHK	600	730	h 7th–early 8th c. CE (within  | Watson 2006 (Self's Awareness of Itself), 'The D [tantric-consensus sweep]
anchor	SA_MB_paramoksanirasakarikaHK	600	730	h 7th–early 8th c. CE (within  | Watson 2006 (Self's Awareness of Itself), 'The D [tantric-consensus sweep]
anchor	SA_MB_vijayottaratantraHK	1200	1600	m late South-Indian Saiddhānti | Sanderson 2009, The Śaiva Age [tantric-consensus sweep]
anchor	SA_MB_karanagamaHK	1100	1300	m late South-Indian Saiddhānti | Sanderson 2009, The Śaiva Age [tantric-consensus sweep]
anchor	SA_MB_vijnanabhairavaHK	700	900	m 8th–9th c. CE | Sanderson, History through Textual Criticism (Sp [tantric-consensus sweep]
anchor	SA_T02_n2912u	750	900	m late 8th–9th c. CE | Snellgrove, Indo-Tibetan Buddhism; Davidson, Ind [tantric-consensus sweep]
anchor	SA_MB_bhogakarikaHK	600	800	h 7th-8th c. CE | Watson 2006, The Self's Awareness of Itself, ch. [tantric-consensus sweep]
anchor	SA_MB_phetkaariniitantramHK	1000	1100	m 11th c. CE (post-1000) | Sanderson 2009, The Śaiva Age (citing Bühnemann  [tantric-consensus sweep]
anchor	SA_MB_jayakhyasamhitaHK	800	900	m 9th c. CE | Sanderson 2009, The Śaiva Age [tantric-consensus sweep]
anchor	SA_T02_khasrpsu	1140	1190	m c. 1165 CE | Lopez (ed.) 1997, Religions of Tibet/Buddhism in [tantric-consensus sweep]
anchor	SA_MB_kaalottaratantramHK	500	800	m 6th-8th c. CE | Watson 2006 (list of early Saiddhāntika scriptur [tantric-consensus sweep]
anchor	SA_T02_msitvatu	400	700	m 5th-7th c. CE | Holz, The Bhadrakarātrī-sūtra (citing Hidas 2017 [tantric-consensus sweep]
anchor	SA_T02_Anupamarakṣita_Ṣaḍaṇgayoga-with-Guṇabharaṇī_Sferra_2000	1140	1190	h mid-late 12th c. CE (Anupama | Lopez, Buddhism in Practice (Anupamarakṣita fl.  [tantric-consensus sweep]
anchor	SA_MB_subodhamanjariHK	900	1000	m 10th c. CE | Sanderson 2009/2014, History through textual cri [tantric-consensus sweep]
anchor	SA_T01_tarasdhu	670	720	h late 7th - early 8th c. CE | Willson 1992, In Praise of Tara; Nakamura 1980,  [tantric-consensus sweep]
anchor	SA_T02_garbhasamgraha	1000	1054	m early-mid 11th c. CE | Apple 2019, Atisa Dipamkara (Atiśa b. 982, d. 10 [tantric-consensus sweep]
anchor	SA_GR13_svact_pu	700	900	m 8th-9th c. CE | Sanderson, History through Textual Criticism; Sa [tantric-consensus sweep]
anchor	SA_MB_purascaryaarnava-2-HK	1775	1800	h late 18th c. CE | authorial attribution (Pratāp Siṃha Śāh, King of [tantric-consensus sweep]
anchor	SA_T02_Nāropā_Sekoddeśaṭīkā_Carelli_1941	1000	1050	h first half 11th c. CE | Sferra & Merzagora 2006, Sekoddeśaṭīkā by Naropa [tantric-consensus sweep]
anchor	SA_GSP30_vijnbhau	700	900	m 8th-9th c. CE | Sanderson, History through Textual Criticism (li [tantric-consensus sweep]
anchor	SA_GR13_stkal_pu	500	750	m 6th-8th c. CE | Sanderson, The Śaiva Age (2009); Goodall 2007 ed [tantric-consensus sweep]
anchor	SA_MB_maliniivijayottaraHK	700	900	m 8th-9th c. CE | Trika scholarship per Sanderson; root-scripture  [tantric-consensus sweep]
anchor	SA_T02_rabhramu	1015	1065	h early 11th c. CE | Nakamura 1980 (Ratnākaraśānti c. 1040 CE); cf. I [tantric-consensus sweep]
anchor	SA_T02_Candrakīrti_Pradīpoddyotana-Guhyasamājatantra_Chakravarti_1984	975	1025	h late 10th-early 11th c. CE | Wedemeyer (Āryadeva's Lamp; pers. comm. in Vose, [tantric-consensus sweep]
anchor	SA_T02_Saroruha_Hevajra_Gerloff_2017	850	950	m late 9th-early 10th c. CE | Davidson 2002, Indian Esoteric Buddhism; Dowman  [tantric-consensus sweep]
anchor	SA_T02_Advayavajra_saṃgraha_Bhattacharyya_1927	1007	1077	h early-mid 11th c. CE | Shakabpa, One Hundred Thousand Moons (Maitripa 1 [tantric-consensus sweep]
anchor	SA_MB_TattvaratnaavaliiHK	1175	1225	m late 12th c. CE | Sanderson 2009, The Śaiva Age (Vimalaśiva = Kala [tantric-consensus sweep]
anchor	SA_GR14_harinc_u	1875	1925	m 1900 CE | authorial attribution (Bhaktivinoda Ṭhākura, 183 [tantric-consensus sweep]
anchor	SA_MB_KulasaaraHK	800	1000	m 9th-10th c. CE | Sanderson, The Śaiva Age / History through Textu [tantric-consensus sweep]
anchor	SA_MB_mohacudottaramHK	700	1150	m before mid-12th c. CE (older | Goodall (Parākhyatantra intro) / Sanderson; comm [tantric-consensus sweep]
anchor	SA_T02_n1397u	1000	1100	m 11th c. CE | Elizabeth English 2002, Vajrayogini: Her Visuali [tantric-consensus sweep]
anchor	SA_MB_pauskarasamhitaHK	800	1000	m 9th-10th c. CE | Sanderson 2009, The Śaiva Age [tantric-consensus sweep]
anchor	SA_T02_n2886u	800	900	m 9th c. CE | Wedemeyer diss.; Pramāṇakīrtiḥ (van der Kuijp) S [tantric-consensus sweep]
anchor	SA_GR13_mrgt1mpu	700	900	m 8th-9th c. CE | Goodall 1998/2004 (Parākhya/Kiraṇavṛtti edition, [tantric-consensus sweep]
anchor	SA_MB_purascaryaarnava-3-HK	1770	1790	h late 18th c. CE (compiled un | Stated authorship/patronage; King Pratap Singh o [tantric-consensus sweep]
anchor	SA_MB_goraksagutikaHK	1100	1300	m 12th-13th c. CE | Mallinson, Khecarīvidyā (2003) and White, Yoga i [tantric-consensus sweep]
anchor	SA_MB_nisvaasakaarikaatantram1HK	600	800	m 7th-8th c. CE (latest, fifth | Sanderson, History through Textual Criticism and [tantric-consensus sweep]
anchor	SA_T02_n1426u	725	788	m 8th c. CE (Śāntarakṣita c. 7 | Almogi (Rong zom pa's Discourses on Buddhology)  [tantric-consensus sweep]
anchor	SA_MB_mahaanirvaanatantramHK	1740	1790	h mid-18th c. CE | Flood 2006, The Tantric Body (citing J.D.M. Derr [tantric-consensus sweep]
anchor	SA_T02_n1414u	1100	1150	h early 12th c. CE | English 2002, Vajrayoginī: Her Visualization, Ri [tantric-consensus sweep]
anchor	SA_T02_Muniśrībhadra_Pañcakrama-Yogimanoharā_Jiang-Tomabechi_1996	1085	1135	h early 12th c. CE | Sanderson 2009, The Śaiva Age (Muniśrībhadra at  [tantric-consensus sweep]
anchor	SA_MB_T-334-sarvajnanottaramHK	550	675	m 6th-7th c. CE (pre-Sadyojyot | Sanderson 2009 (The Saiva Age) lists it among th [tantric-consensus sweep]
anchor	SA_T02_Candrakīrti_Vajrasattvasādhana_Luo-Tomabechi_2009	800	900	m 9th c. CE | Wayman 1980 / Warder 2000; cf. pseudo-Candrakīrt [tantric-consensus sweep]
anchor	SA_T02_Vajragarbha_Ṣaṭsāhasrikā-Hevajratantra_Shendge_2004	1000	1050	m early 11th c. CE | Hatchell, Naked Seeing (diss.); Kālacakra circle [tantric-consensus sweep]
anchor	SA_T02_Vajrapāṇi_Laghutantraṭīkā_Cicuzza_2001	1000	1050	m early 11th c. CE | Cicuzza 2001 (ed.); English, Vajrayogini (Kālaca [tantric-consensus sweep]
anchor	SA_MB_aryamanjusrimulakalpa3HK	700	800	m 8th c. CE (stratified, core  | Wallis 2002, Mediating the Power of Buddhas; cf. [tantric-consensus sweep]
anchor	SA_MB_saktisamgama_tantra_tarakhandaHK	1500	1700	m 16th-17th c. CE | N. N. Bhattacharyya, History of the Tantric Reli [tantric-consensus sweep]
anchor	SA_GR13_devikapu	600	900	m 7th-9th c. CE | Sanderson, History through Textual Criticism (re [tantric-consensus sweep]
anchor	SA_T02_Candrakīrti_Pradīpoddyotana-Guhyasamājatantra_Dhīḥ_2009	800	900	h 9th c. CE | Wedemeyer, Āryadeva's Lamp (diss.); cf. Davidson [tantric-consensus sweep]
anchor	SA_GR13_malinivu	700	900	m 8th-9th c. CE | Sanderson, The Śaiva Age (relative chronology of [tantric-consensus sweep]
anchor	SA_MB_nisvasakarikatantramHK	600	900	m 7th-9th c. CE | Sanderson, The Śaiva Age; cf. Goodall et al., Ni [tantric-consensus sweep]
anchor	SA_T02_n1413u	750	900	m late 8th-9th c. CE | Davidson 2002, Indian Esoteric Buddhism [tantric-consensus sweep]
anchor	SA_MB_ahirbudhnyasamhitaVol1HK	925	1050	m 10th c. CE or later | Sanderson 2009, The Śaiva Age [tantric-consensus sweep]
anchor	SA_GR13_mrgt4mpu	700	800	m 8th c. CE | Bühnemann 2003 (citing Hulin/Goodall); cf. Watso [tantric-consensus sweep]
anchor	SA_MB_kularnavaHK	1000	1500	m 11th-15th c. CE | Bühnemann, in Goudriaan (ed.) Ritual and Specula [tantric-consensus sweep]
anchor	SA_T01_n907u	1175	1225	h late 12th-early 13th c. CE | English, Vajrayogini: Her Visualization, Rituals [tantric-consensus sweep]
anchor	SA_T01_n909u	850	1000	m late 9th-10th c. CE | English, Vajrayogini: Her Visualization, Rituals [tantric-consensus sweep]
anchor	SA_GSP30_partr_pu	700	900	m 8th-9th c. CE | Sanderson, Saivism and the Tantric Traditions (T [tantric-consensus sweep]
anchor	SA_MB_sivasamhita-HK	1400	1500	m 15th c. CE | Mallinson (Śivasaṃhitā ed./tr., cited in White 2 [tantric-consensus sweep]
anchor	SA_T02_mrtvutsu	979	1029	h early 11th c. CE (c. 1004) | Bajracharya 2018 (Monasticism in Buddhism of Nep [tantric-consensus sweep]
anchor	SA_MB_sadhanamala1IHK	650	1165	m compilation c. 7th-12th c. C | Williams/Tribe/Wynne 2000, Buddhist Thought; Nak [tantric-consensus sweep]
anchor	SA_T02_n692u	750	800	h late 8th c. CE | Gray, Cakrasamvara article (forthcoming translat [tantric-consensus sweep]
anchor	SA_MB_BrahmayamalaHK	500	700	h 6th-7th c. CE | Sanderson 2009, The Śaiva Age (core text); cf. H [tantric-consensus sweep]
anchor	SA_T02_Abhayākaragupta_Buddhakapālatantra-Abhayapaddhati_Chog_2009	1075	1125	m c. 1100 CE | Sanderson, The Śaiva Age (Buddhakapāla among yog [tantric-consensus sweep]
anchor	SA_MB_saadhanamaalaa-IIHK	1050	1165	m by 12th c. CE (compilation;  | Bhattacharyya 1958, Indian Buddhist Iconography  [tantric-consensus sweep]
anchor	SA_MB_purascaryaarnava-I-HK	1750	1800	m c. 1775 CE | Authorship by King Pratāpasiṃha Śāha of Nepal (r [tantric-consensus sweep]
anchor	SA_GR13_mrgt3mpu	700	800	m 8th c. CE | Sanderson, The Śaiva Age (Mṛgendra among the ear [tantric-consensus sweep]
anchor	SA_T02_n2982u	800	825	m first quarter 9th c. CE | Davidson 2002, Indian Esoteric Buddhism (on Budd [tantric-consensus sweep]
anchor	SA_GR13_sivsutru	800	900	m 9th c. CE | N.N. Bhattacharyya 2006, History of the Tantric  [tantric-consensus sweep]
anchor	SA_T01_n820u	800	880	h 9th c. CE (reign of Devapāla | Winternitz 1933, History of Indian Literature II [tantric-consensus sweep]
anchor	SA_GSP30_spandkau	800	900	m 9th c. CE | N.N. Bhattacharyya 2006, History of the Tantric  [tantric-consensus sweep]
anchor	SA_T02_dipguhsu	770	850	m late 8th–early 9th c. CE | Davidson 2002, Indian Esoteric Buddhism; Wedemey [tantric-consensus sweep]
anchor	SA_T02_Dharmākaraśānti_Kālacakrabhagavatsādhanavidhi_Dhīḥ_1997	1100	1300	m 12th–13th c. CE | Arnold (ed.) 2016, As Long as Space Endures (Kāl [tantric-consensus sweep]
anchor	SA_GSP30_vasspacu	850	900	h second half of the 9th c. CE | Sanderson, History through Textual Criticism; Sa [tantric-consensus sweep]
anchor	SA_MB_SpandakarikaRamakanthaHK	900	975	m Vivṛti c. early 10th c. CE ( | Sanderson, History through Textual Criticism (ro [tantric-consensus sweep]
anchor	SA_MB_gitarthasamgrahaHK	975	1025	h c. 975-1025 CE | Sanderson, The Śaiva Age 2009 (dates of Abhinava [tantric-consensus sweep]
anchor	SA_T02_Munidatta_Caryāgītikoṣa_Bagchi_1956	950	1200	m songs 10th-12th c. CE; colle | Williams (ed.), Buddhism: Critical Concepts vol. [tantric-consensus sweep]
anchor	SA_MB_ahirbudhnyasamhitaa2HK	1025	1175	h 11th-12th c. CE | Sanderson, History through Textual Criticism (re [tantric-consensus sweep]
anchor	SA_GR14_ps27-43u	800	1000	m 9th-10th c. CE (latest of th | Sanderson 2009, The Śaiva Age [tantric-consensus sweep]
anchor	SA_T02_Raviśrījñāna_Guṇabharaṇī-Ṣaḍaṅgayoga_Sferra_2000	1175	1225	m c. late 12th-early 13th c. C | Sferra 2000 (ed.); Davidson, Pure Realms and Hid [tantric-consensus sweep]
anchor	SA_MB_amrtabinduupanisatHK	800	900	m 9th c. CE | White (tr.), Yoga in Practice 2012 (Yoga Upaniṣa [tantric-consensus sweep]
anchor	SA_MB_kalottaratantraHK	700	900	m 8th-9th c. CE | Sanderson, History through Textual Criticism [tantric-consensus sweep]
anchor	SA_T16_n2875u	1900	1990	m 20th c. CE | authorship: Davuldena Jñāneśvara Mahāsthavira, a [tantric-consensus sweep]
anchor	SA_MB_brahmavidyaopanisatHK	1300	1600	m 14th-16th c. CE | Mallinson & Singleton 2017, Roots of Yoga (citin [tantric-consensus sweep]
anchor	SA_MB_SpKaavrittivivrtiHK	850	900	h late 9th c. CE | Sanderson 2009, The Śaiva Age [tantric-consensus sweep]
anchor	SA_T02_Rāmapāla_Sekanirdeśapañjikā_Isaacson-Sferra_2014	1075	1125	h late 11th - early 12th c. CE | Mathes 2015, A Fine Blend of Mahāmudrā and Madhy [tantric-consensus sweep]
anchor	SA_T16_tarkrsau	950	1000	m late 10th c. CE | Lo Bue 2011 and Tatz 1986 (Jetāri circa 10th c.) [tantric-consensus sweep]
anchor	SA_T01_busto1_u	100	200	m 2nd c. CE | H. Nakamura, Indian Buddhism: A Survey with Bibl [tantric-consensus sweep]
anchor	SA_MB_satsahasrakalottaragamaHK	600	900	m 7th-9th c. CE | D. Goodall (criteria) / A. Sanderson, The Śaiva  [tantric-consensus sweep]
anchor	SA_T02_Vibhūticandra-Raviśrījñāna_Amṛtakaṇikoddyotanibandha_Lal_1994	1175	1225	h late 12th / early 13th c. CE | Arnold (ed.), As Long as Space Endures (Kālacakr [tantric-consensus sweep]
anchor	SA_MB_laksmiitantramHK	1100	1300	m 12th-13th c. CE | Sanderson (reported), via skt-en-mono; cf. older [tantric-consensus sweep]
anchor	SA_GR13_bhnstcpu	800	1000	m before Kṣemarāja (early 11th | Sanderson, Śaivism and the Tantric Traditions [tantric-consensus sweep]
anchor	SA_MB_sivadrstiHK	875	950	h early 10th c. CE (Somānanda, | Sanderson, The Śaiva Age (Utpaladeva fl. c. 925- [tantric-consensus sweep]
anchor	SA_T02_nagpancu	800	875	m early-mid 9th c. CE | Wedemeyer, Āryadeva's Lamp That Integrates the P [tantric-consensus sweep]
anchor	SA_T02_nagpindu	800	875	m early-mid 9th c. CE | Wedemeyer, Āryadeva's Lamp That Integrates the P [tantric-consensus sweep]
anchor	SA_MB_STAVACINTAAMANI_hk	800	1000	m 9th-10th c. CE | terminus ante quem from Kṣemarāja (pupil of Abhi [tantric-consensus sweep]
anchor	SA_MB_hamsopanisadHK	1175	1225	m c. 1200 CE | White 2011, Yoga in Practice (introduction to th [tantric-consensus sweep]
anchor	SA_MB_tejobinduupanisatHK	800	1300	m 9th-13th c. CE (North Indian | White 2011, Yoga in Practice (Yoga Upaniṣads dat [tantric-consensus sweep]
anchor	SA_MB_kaulajnaananirnayaHK	800	1000	h 9th-10th c. CE | White 2003, Kiss of the Yogini [tantric-consensus sweep]
anchor	SA_T02_Ratnākaraśānti_Muktāvalī-Hevajratantra_Tripathi-Negi_2001	975	1025	h c. 1000 CE | Makransky 1997, Buddhahood Embodied (Ratnākaraśā [tantric-consensus sweep]
anchor	SA_MB_natyasatrav3HK	-200	200	m c. 200 BCE - 200 CE (core; r | Deutsch & Bontekoe 1999, Companion to World Phil [tantric-consensus sweep]
anchor	SA_MB_natyasatrav1HK	-200	200	m c. 200 BCE - 200 CE (core; r | Larsen 2009 ('about 2000 years ago'); general co [tantric-consensus sweep]
anchor	SA_MB_sivadharma_nandiproktaHK	500	700	h 6th-7th c. CE | Peter Bisschop (cited in Kotyk 2017, Buddhist As [tantric-consensus sweep]
anchor	SA_MB_laksmiitantraHK	1100	1300	h 12th-13th c. CE | Sanderson (reported & endorsed in the Spanda/Bha [tantric-consensus sweep]
anchor	SA_MB_yogasarasamgrahaHK	1550	1600	h late 16th c. CE | Harris 1981, Neoplatonism and Indian Thought (fl [tantric-consensus sweep]
anchor	SA_MB_bhagavadgiitaa_ramakanthaHK	900	1000	h 10th c. CE | Watson 2006, The Self's Awareness of Itself (Bha [tantric-consensus sweep]
anchor	SA_GR13_somsv_u	900	950	h early-mid 10th c. CE (c. 900 | Watson 2006, The Self's Awareness of Itself (Som [tantric-consensus sweep]
anchor	SA_GSP30_utipk_pu	925	975	h 2nd-3rd quarter 10th c. CE ( | Sanderson 2009, The Śaiva Age (Utpaladeva fl. c. [tantric-consensus sweep]
anchor	SA_GR14_utajp_pu	925	975	h 2nd-3rd quarter 10th c. CE ( | Sanderson 2009, The Śaiva Age (Utpaladeva fl. c. [tantric-consensus sweep]
anchor	SA_MB_IISVARASIDDHI_hk	925	975	h second/third quarter 10th c. | Sanderson, dating cited in Nemec/Somananda ed. ( [tantric-consensus sweep]
anchor	SA_T02_n1416u	700	1200	m 8th–12th c. CE (anthology co | Schaeffer (Saraha diss.); Harper & Brown 2002, R [tantric-consensus sweep]
anchor	SA_GR13_utsivsau	925	975	h second/third quarter 10th c. | Sanderson, dating cited in skt-en-mono (Pratyabh [tantric-consensus sweep]
anchor	SA_MB_sivastotraavaliiHK	925	975	h second/third quarter 10th c. | Sanderson, dating cited in skt-en-mono (Pratyabh [tantric-consensus sweep]
anchor	SA_GSP30_aparmyou	975	1025	h c. 1000 CE (late 10th / earl | skt-en-mono (Abhinavagupta alive AD 1000); Sande [tantric-consensus sweep]
anchor	SA_MB_varahopanisatHK	1400	1600	m 15th–16th c. CE (Yoga-Upaniṣ | Feuerstein 1997, Teachings of Yoga (Yoga-Upanisa [tantric-consensus sweep]
anchor	SA_GSP30_bodhpanu	975	1025	h c. 975-1025 CE | Sanderson 2009, The Śaiva Age [tantric-consensus sweep]
anchor	SA_GSP30_tantralu	975	1025	h c. 975-1025 CE (mature work, | Sanderson 2009, The Śaiva Age [tantric-consensus sweep]
anchor	SA_MB_paraatriisikaalaghuvrttiHK	975	1025	h c. 975-1025 CE | Sanderson 2009, The Śaiva Age [tantric-consensus sweep]
anchor	SA_GSP30_anuttaru	975	1025	h c. 975-1025 CE | Sanderson 2009, The Śaiva Age [tantric-consensus sweep]
anchor	SA_MB_kulacuu.daama.nitantraHK	800	1000	m 9th-10th c. CE | Finn 1986 (ed./tr.), reported in Geoffrey Samuel [tantric-consensus sweep]
anchor	SA_MB_yogakundalyupanisatHK	1300	1700	m 14th-17th c. CE | Mallinson & Singleton, Roots of Yoga (2017), cit [tantric-consensus sweep]
anchor	SA_T02_Kṛṣṇācārya_Yogaratnamālā-Hevajratantra_Tripathi-Negi_2006	800	900	m 9th c. CE | Geoffrey Samuel, Origins of Yoga and Tantra (200 [tantric-consensus sweep]
anchor	SA_GSP30_abhiprvu	990	1015	h c. 1000 CE (end 10th-early 1 | Padoux, Vāc (1990); standard scholarly consensus [tantric-consensus sweep]
anchor	SA_GSP30_bhairstu	990	1015	h c. 1000 CE (end 10th-early 1 | Padoux, Vāc (1990); standard consensus on Abhina [tantric-consensus sweep]
anchor	SA_GSP30_abhmal2u	990	1015	h c. 1000 CE (end 10th-early 1 | Padoux, Vāc (1990); standard consensus on Abhina [tantric-consensus sweep]
anchor	SA_T02_Rāghavabhaṭṭa_Śāradātilaka_Woodroffe_1933	1459	1509	h comm. 1484 CE (root text 11t | André Padoux, Vāc (1990) [tantric-consensus sweep]
anchor	SA_MB_aryamanjusrimulakalpa2HK	700	800	m 8th c. CE (core; whole spans | Wallis 2002, Mediating the Power of Buddhas (cit [tantric-consensus sweep]
anchor	SA_T02_Mañjuśrīyaśa_Laghukālacakratantra-Vimalaprabhā-Vol3_Dwivedi-Bahulkar_1994	1000	1050	h early 11th c. CE (tantra ~10 | Buswell, Encyclopedia of Buddhism; Simioli (intr [tantric-consensus sweep]
anchor	SA_MB_pingalamataHK	700	1000	m 8th-10th c. CE (early Pratiṣ | Sanderson 2009, The Śaiva Age [tantric-consensus sweep]
anchor	SA_MB_kamikapurvabhagaHK	1100	1175	m 12th c. CE (extant recension | Sanderson 2009, The Śaiva Age (citing Goodall) [tantric-consensus sweep]
anchor	SA_GSP30_abhtantu	975	1025	h late 10th–early 11th c. CE | Sanderson 2009, The Śaiva Age; Sanderson, Histor [tantric-consensus sweep]
anchor	SA_GSP30_abhmal1u	975	1025	h late 10th–early 11th c. CE | Sanderson 2009, The Śaiva Age [tantric-consensus sweep]
anchor	SA_GSP30_sa_kSemarAja-bhairavAnukaraNastotra	1000	1050	m early–mid 11th c. CE | Sanderson, History through textual criticism (Kṣ [tantric-consensus sweep]
anchor	SA_GSP30_kramstou	965	1015	h c. 990 CE | Sanderson, History through textual criticism (ci [tantric-consensus sweep]
anchor	SA_GSP30_parypanu	975	1025	h late 10th–early 11th c. CE | Sanderson 2009, The Śaiva Age (Abhinava floruit) [tantric-consensus sweep]
anchor	SA_GR13_kubjt_pu	900	1100	m 10th–11th c. CE | Flood 2006, The Tantric Body; Sanderson 2009, Th [tantric-consensus sweep]
anchor	SA_GSP30_ksembodhv_u	1000	1050	h early-mid 11th c. CE | Sanderson 2009, The Śaiva Age (Abhinavagupta fl. [tantric-consensus sweep]
anchor	SA_GSP30_bhutisbs_u	950	1000	m late 10th c. CE | Potter (ed.) 1990, Encyclopedia of Indian Philos [tantric-consensus sweep]
anchor	SA_MB_SAMBANDHASIDDHIHhk	925	975	h c. 925-975 CE (2nd-3rd quart | Sanderson 2009, The Śaiva Age (Utpaladeva fl. c. [tantric-consensus sweep]
anchor	SA_GSP30_pratyabu	1000	1050	h early-mid 11th c. CE | Sanderson 2009, The Śaiva Age (Abhinavagupta fl. [tantric-consensus sweep]
anchor	SA_MB_tantrarajatantraHK	1500	1700	m 16th-17th c. CE | Hoens in Gupta-Hoens-Goudriaan 1979 (Hindu Tantr [tantric-consensus sweep]
anchor	SA_GSP30_partrvpu	975	1025	h c. 1000 CE (Abhinavagupta fl | Sanderson 2009, The Saiva Age (Abhinavagupta flo [tantric-consensus sweep]
anchor	SA_GR13_todaltpu	1000	1300	m 11th c. CE or later (post-10 | Kinsley 1998, Tantric Visions of the Divine Femi [tantric-consensus sweep]
anchor	SA_MB_mrgendraHK	700	800	m c. 8th c. CE (one of the lat | Watson 2006 (citing Goodall 1998, 2002), Self's  [tantric-consensus sweep]
anchor	SA_MB_nadakarikaHK	950	1000	h c. 950-1000 CE | Watson 2006 (Self's Awareness of Itself), follow [tantric-consensus sweep]
anchor	SA_MB_VamakesvarimataHK	800	1000	m 9th-10th c. CE | Sanderson, The Śaiva Age (2009); fundamental scr [tantric-consensus sweep]
anchor	SA_MB_vyomavyaapistavaHK	950	1000	h c. 950-1000 CE | Watson 2006 / Goodall 1998 / Sanderson on Rāmaka [tantric-consensus sweep]
anchor	SA_GR14_yamsr_pu	966	1038	m c. 966-1038 CE (Yāmuna's flo | Standard Śrīvaiṣṇava chronology; Yāmuna predates [tantric-consensus sweep]
anchor	SA_MB_SvacchandatantraHK	700	850	m 8th c. CE (700-850) | Sanderson, The Śaiva Age (2009), relative chrono [tantric-consensus sweep]
anchor	SA_MB_ParaatrimsikavivaranaHK	975	1025	h c. 975-1025 CE | Sanderson, The Śaiva Age (2009): Abhinavagupta f [tantric-consensus sweep]
anchor	SA_MB_netratantra_HK	800	850	h c. 800-850 CE | Mallinson & Singleton, Roots of Yoga (2017), fol [tantric-consensus sweep]
anchor	SA_MB_Paraatrisikaavivrtti_berlinHK	990	1015	h c. 990-1015 CE | Multiple specialists; Abhinavagupta fl. c. 975-1 [tantric-consensus sweep]
anchor	SA_MB_akulaviiratantramHK	1100	1300	m 12th-13th c. CE | White 2003, Kiss of the Yogini [tantric-consensus sweep]
anchor	SA_MB_aagamapraamaanyamHK	950	1040	m late 10th-early 11th c. CE | Standard Yāmuna floruit (Potter, Encyclopedia of [tantric-consensus sweep]
anchor	SA_GSP30_vamsbum_u	925	1000	m mid/late 10th c. CE | Sanderson (History through Textual Criticism) an [tantric-consensus sweep]
anchor	SA_GR13_sratrppu	900	1025	h 10th-early 11th c. CE | Watson 2006 (following Goodall/Sanderson), Self' [tantric-consensus sweep]
anchor	SA_MB_maliniijayavartikaHK	975	1025	h c. 975-1025 CE | Sanderson, The Śaiva Age (2009); Padoux festschr [tantric-consensus sweep]
anchor	SA_MB_paramarthasaraHK	975	1025	h c. 975-1025 CE | Sanderson, The Śaiva Age (2009) [tantric-consensus sweep]
anchor	SA_MB_bodhapancadasikaaHK	975	1025	h c. 975-1025 CE | Sanderson, The Śaiva Age (2009) [tantric-consensus sweep]
anchor	SA_MB_Tantraloka-15-37-HK	975	1025	h c. 975-1025 CE | Sanderson, The Śaiva Age (2009) [tantric-consensus sweep]
anchor	SA_MB_Tantraloka-1-14-HK	975	1025	h c. 975-1025 CE | Sanderson, The Śaiva Age (2009) [tantric-consensus sweep]
anchor	SA_MB_tantrasaaraHK	975	1025	h c. 975-1025 CE | Sanderson, The Śaiva Age (2009) [tantric-consensus sweep]
anchor	SA_MB_bhavachudamaniHK	975	1025	h c. 1000 CE (late 10th–early  | Sanderson, History through Textual Criticism (in [tantric-consensus sweep]
anchor	SA_MB_paratrimsikavivaranaHK	990	1015	h c. 990–1015 CE | Sanderson, History through Textual Criticism (Ab [tantric-consensus sweep]
anchor	SA_GSP30_parmartu	990	1015	h c. 990–1015 CE | Sanderson, History through Textual Criticism (Ab [tantric-consensus sweep]
anchor	SA_MB_IPV_HK	990	1015	h c. 990–1015 CE | Sanderson, History through Textual Criticism (Ab [tantric-consensus sweep]
anchor	SA_MB_IPVV_3_hk	990	1015	h completed 1014/15 CE | Sanderson, History through Textual Criticism (co [tantric-consensus sweep]
anchor	SA_MB_IPVV_1_hk	990	1015	h completed 1014/15 CE | Sanderson, History through Textual Criticism (co [tantric-consensus sweep]
anchor	SA_MB_IPVV_2_hk	990	1015	h completed 1014/15 CE | Sanderson, History through Textual Criticism (co [tantric-consensus sweep]
anchor	SA_T02_n2998u	975	1000	h late 10th c. CE | Cicuzza 2001, The Laghutantraṭīkā by Vajrapāṇi:  [tantric-consensus sweep]
anchor	SA_T02_mrtvstsu	1000	1050	m early-mid 11th c. CE | Tiso/PIATS 1992 (on Vāgīśvarakīrti's Saptāṅga an [tantric-consensus sweep]
anchor	SA_T02_bsa005_u	1000	1050	h early-mid 11th c. CE (Atiśa  | Davidson 2005, Tibetan Renaissance (Atiśa's date [tantric-consensus sweep]
anchor	SA_MB_spandanirnayaHK	1000	1050	h early 11th c. CE | Sanderson, History through Textual Criticism (Kṣ [tantric-consensus sweep]
anchor	SA_T02_n2918u	1010	1085	m 11th c. CE (Maitrīpa c. 1007 | Sferra 2008, Sanskrit Texts from Tucci's Collect [tantric-consensus sweep]
anchor	SA_T02_narsekou	1000	1050	m early 11th c. CE | Nāropa dated 956-1040 (Apple 2019; Dimitrov diss [tantric-consensus sweep]
anchor	SA_MB_SPANDASAMDOHA_hk	1000	1050	h early 11th c. CE | Kṣemarāja = pupil of Abhinavagupta (fl. c.975-10 [tantric-consensus sweep]
anchor	SA_MB_SIVASUUTRAVARTIKA_hk	1000	1100	m 11th c. CE | Encyclopedia of Tantra: Vārttika of Bhāskara on  [tantric-consensus sweep]
anchor	SA_MB_PARAAPRAAVESIKAA_hk	1000	1050	h early 11th c. CE | Kṣemarāja = disciple of Abhinavagupta (fl. c.975 [tantric-consensus sweep]
anchor	SA_MB_sivasuutravimarsiniiHK	1000	1050	h early 11th c. CE | Vimarśinī by Kṣemarāja, disciple of Abhinavagupt [tantric-consensus sweep]
anchor	SA_MB_isvarapratyabhijnavimarsinivyakhyaHK	1675	1700	h late 17th c. CE | Ratié, On the relationship between Buddhist and  [tantric-consensus sweep]
anchor	SA_MB_darsanopanisatHK	1300	1800	m late, post-15th c. (14th-18t | Bouy 1994 (Les Nātha-yogin et les Upaniṣads); Ma [tantric-consensus sweep]
anchor	SA_MB_tattvaprakasaHK	1011	1055	h first half of 11th c. CE | King Bhoja of Dhārā reign dates (Inden/Ali/Walte [tantric-consensus sweep]
anchor	SA_MB_siddhantarthasamuccayaHK	1100	1200	m 12th c. CE | Sanderson 2009, The Saiva Age (on Trilocanasiva) [tantric-consensus sweep]
anchor	SA_MB_yoginiihrdayamHK	900	1200	m 10th-12th c. CE | Padoux 1990, Vac (Traipuradarsana / Yoginihrdaya [tantric-consensus sweep]
anchor	SA_MB_saubhagyabhaskariHK	900	1000	m ca. 10th c. CE | White 2003, Kiss of the Yogini [tantric-consensus sweep]
anchor	SA_T01_n861u	400	800	m 5th-8th c. CE (compiled as c | Holz, The Bhadrakarātrī-sūtra (citing Skilling & [tantric-consensus sweep]
anchor	SA_T02_psarkdhu	475	600	m late 6th c. CE (terminus ant | Hidas (cited in Holz), on Mahāpratisarā [tantric-consensus sweep]
anchor	SA_T02_Vajragarbha_Ṣaṭsāhasrikā-Hevajratantra-Ch10_Sferra_2009	1000	1100	m 11th c. CE (commentary; root | Isaacson & Sferra, 'Tantric Literature' (Brill E [tantric-consensus sweep]
anchor	SA_T02_Mañjuśrīyaśa_Laghukālacakratantra-Vimalaprabhā-Vol1_Upādhyāya_1986	967	1030	h tantra c. 1000 CE; Vimalapra | Orofino/PIATS Graz 1995; Arnold (ed.) As Long as [tantric-consensus sweep]
anchor	SA_MB_merutantraHK	1600	1800	m very late (17th-18th c. CE) | Bharati 1965, The Tantric Tradition; N.N. Bhatta [tantric-consensus sweep]
anchor	SA_T02_Vanaratna_Rahasyadīpikā_Rinpoche-Dvivedi_1990	1410	1465	h mid-15th c. CE | Vanaratna dates 1384-1468 (Doney; Dudjom; McKeow [tantric-consensus sweep]
anchor	SA_GR13_cakbh_pu	1050	1158	m late 11th–early 12th c. CE | Sanderson 2009, The Śaiva Age (refining his 2007 [tantric-consensus sweep]
anchor	SA_GR13_cakbhavu	1050	1158	m late 11th–early 12th c. CE | Sanderson 2009, The Śaiva Age (refining his 2007 [tantric-consensus sweep]
anchor	SA_MB_pratyabhijnahrdayaHK	1000	1050	h first half 11th c. CE | Sanderson 2009, The Śaiva Age (Abhinavagupta fl. [tantric-consensus sweep]
anchor	SA_T02_n2965u	1100	1125	h c. 1100–1125 CE | Newman, Epoch of the Kālacakra; Sanderson 2009 ( [tantric-consensus sweep]
anchor	SA_T02_n800u	1025	1175	m 11th–12th c. CE | PIATS 1992 / Sferra (anonymous commentary on the [tantric-consensus sweep]
anchor	SA_MB_saradatilakaHK	1100	1200	h 12th c. CE | Sanderson 2009, The Śaiva Age [tantric-consensus sweep]
anchor	SA_T02_n2934u	1083	1133	h ca. 1108 CE (25th regnal yea | Kano 2018/2020, A Survey of Passages ... in the  [tantric-consensus sweep]
anchor	SA_T02_n2974u	1088	1138	h ca. 1113 CE (30th regnal yea | Kano 2018/2020, A Survey of Passages ... in the  [tantric-consensus sweep]
anchor	SA_T02_abhnispu	1100	1125	h ca. 1100-1125 CE | Kano 2018/2020 (Abhayākaragupta's dated works fa [tantric-consensus sweep]
anchor	SA_MB_isaanagurudevapaddhati-II-HK	1100	1175	m early-mid 12th c. CE | Flood, gavin-flood (bhūtaśuddhi study); ISP foll [tantric-consensus sweep]
anchor	SA_MB_iisaanasivagurudevapaddhati4HK	1100	1175	m early-mid 12th c. CE | Flood, gavin-flood; ISP follows the 11th-c. Soma [tantric-consensus sweep]
anchor	SA_MB_cidgaganacandrika-HK	1075	1150	m late 11th-early 12th c. CE | Encyclopedia of Tantra (Santideva 1999), Krama l [tantric-consensus sweep]
anchor	SA_MB_Isaanapaddhati-I-HK	1100	1175	m early-mid 12th c. CE | Flood, gavin-flood; ISP follows the 11th-c. Soma [tantric-consensus sweep]
anchor	SA_MB_iisaanagurudevapaddhati-III-HK	1100	1175	m early-mid 12th c. CE | Flood, gavin-flood; ISP follows the 11th-c. Soma [tantric-consensus sweep]
anchor	SA_GR13_gorst1pu	1375	1425	h c. 1400 CE | Mallinson, White_Yoga in Practice (and Khecarīvi [tantric-consensus sweep]
anchor	SA_GSP30_mabhai	1100	1300	m 12th-13th c. CE | White 2003, Kiss of the Yogini [tantric-consensus sweep]
anchor	SA_MB_nityaasodasikaarnavaHK	1690	1760	h early 18th c. CE (commentary | Padoux 1990, Vāc (on the Vāmakeśvarīmata/NŚA and [tantric-consensus sweep]
anchor	SA_GR13_gorst2pu	1100	1363	m 12th-14th c. CE (terminus ad | Mallinson 2007 (Khecarīvidyā); White 2011 (Yoga  [tantric-consensus sweep]
anchor	SA_MB_vijnanabhairavaanandabhattaHK	700	900	m 8th-9th c. CE (root tantra) | Sanderson 2009, The Śaiva Age; Mallinson & Singl [tantric-consensus sweep]
anchor	SA_MB_jnaanaratnaavaliiHK	1150	1200	h mid-late 12th c. CE | Sanderson 2009, The Śaiva Age [tantric-consensus sweep]
anchor	SA_MB_mahotsavavidhikramaHK	1132	1182	h mid 12th c. CE (c. 1157) | Sanderson 2009, The Śaiva Age (Aghoraśiva comple [tantric-consensus sweep]
anchor	SA_GR13_jssivppu	1100	1200	m 12th c. CE | Sanderson 2009, The Śaiva Age (Jñānaśambhu, Gola [tantric-consensus sweep]
anchor	SA_MB_mrgendravrttidiipikaHK	1132	1182	h mid 12th c. CE (c. 1157) | Sanderson 2009, The Śaiva Age (Aghoraśiva comple [tantric-consensus sweep]
anchor	SA_MB_kriyaakramadyotikaaHK	1132	1182	h 1157 CE | Sanderson 2009, The Śaiva Age (confirming Goodal [tantric-consensus sweep]
anchor	SA_T02_n2955u	1050	1175	m 11th-12th c. CE | Iain Sinclair (in Yoshizaki, Newar Buddhism); Ta [tantric-consensus sweep]
anchor	SA_MB_vyasishtaCutpattiprakarnamHK	1000	1100	m 11th c. CE | Mallinson & Singleton 2017, Roots of Yoga (citin [tantric-consensus sweep]
anchor	SA_MB_sarvajnaanottaravrittiHK	1132	1182	h mid-12th c. CE | Sanderson 2009, The Śaiva Age (citing Goodall 20 [tantric-consensus sweep]
anchor	SA_MB_Yvaasistha1vairaagyaprakaranamHK	900	1100	m 10th-11th c. CE (text) | Mallinson & Singleton 2017, Roots of Yoga [tantric-consensus sweep]
anchor	SA_MB_YogavaasisthaSampurnamIIORGHK	900	1100	m 10th-11th c. CE (text) | Mallinson & Singleton 2017, Roots of Yoga [tantric-consensus sweep]
anchor	SA_MB_aasaucadiipikaaHK	1500	1600	h 16th c. CE | Sanderson 2009, The Śaiva Age [tantric-consensus sweep]
anchor	SA_GR13_goramaru	1100	1200	m 12th c. CE | Mallinson (in Jacobsen 2012, Yoga Powers); cf. B [tantric-consensus sweep]
anchor	SA_MB_vyasishthaDsthitiprakaranamHK	900	1100	m 10th-11th c. CE (text) | Mallinson & Singleton 2017, Roots of Yoga [tantric-consensus sweep]
anchor	SA_MB_yogavyasishthaEupasamaprakaranamHK	900	1100	m 10th-11th c. CE (text) | Mallinson & Singleton 2017, Roots of Yoga [tantric-consensus sweep]
anchor	SA_MB_YvaasisthaBmumuksuvyavaharaprakaranamHK	900	1100	m 10th-11th c. CE (text) | Mallinson & Singleton 2017, Roots of Yoga [tantric-consensus sweep]
anchor	SA_GSP30_vamjanmu	1025	1075	m mid-11th c. CE | Padoux (cited in skt-en-mono compendium), prefat [tantric-consensus sweep]
anchor	SA_MB_kriyakramadyotikavyakhyaHK	1157	1300	m late 12th-13th c. CE | Sanderson 2009, The Saiva Age (citing Goodall 20 [tantric-consensus sweep]
anchor	SA_GR14_mdhvkmou	1238	1317	m 13th c. CE (Madhva fl. 1238- | standard Madhva chronology (traditional dates 12 [tantric-consensus sweep]
anchor	SA_T16_n1289u	1050	1200	m second half 11th – end 12th  | Kajiyama 1966, An Introduction to Buddhist Philo [tantric-consensus sweep]
anchor	SA_MB_maharthamanjariHK	1300	1400	m 14th c. CE | Tuske ed. 2017, Indian Epistemology and Metaphys [tantric-consensus sweep]
anchor	SA_MB_pancaratraraksa1HK	1290	1340	h early 14th c. CE (Vedāntadeś | Sanderson, The Śaiva Age (cites the work by the  [tantric-consensus sweep]
anchor	SA_MB_LallesvarivakyaniHK	1300	1400	m 14th c. CE | Masica 1991, The Indo-Aryan Languages [tantric-consensus sweep]
anchor	SA_MB_srividyarnavatantramHK	1600	1726	m compiled before 1726 (trad.  | Goudriaan 1992, in Ritual and Speculation in Ear [tantric-consensus sweep]
anchor	SA_MB_hathayogapradiipikaaHK	1400	1500	m 15th c. CE | multiple secondary sources (Yoga Powers, Jacobse [tantric-consensus sweep]
anchor	SA_GR14_jnass01u	1500	1525	m early 16th c. CE | Mylius, Geschichte der altindischen Literatur (2 [tantric-consensus sweep]
anchor	SA_MB_sarvollaasatantraHK	1400	1460	m early-mid 15th c. CE | Sanderson 2009, The Śaiva Age [tantric-consensus sweep]
anchor	SA_MB_suksmagamaHK	900	1250	m by 13th c. CE (South Indian  | Sanderson 2009, The Śaiva Age (citing Goodall, E [tantric-consensus sweep]
anchor	SA_T01_n836u	850	1000	m late 9th-10th c. CE | Sanderson 2009, The Śaiva Age (on Laghuśaṃvara/C [tantric-consensus sweep]
anchor	SA_T01_n881u	606	647	m early-mid 7th c. CE (r. 606- | Schneider 2014, Buddhist Hymns: A New Collection [tantric-consensus sweep]
anchor	SA_MB_suprabhedagamaHK	900	1250	m by 13th c. CE (South Indian  | Sanderson 2009, The Śaiva Age (citations in the  [tantric-consensus sweep]
anchor	SA_MB_kalottaragamaHK	500	700	m 6th-7th c. CE (early Saiddhā | Sanderson 2009, The Śaiva Age; Goodall, A first  [tantric-consensus sweep]
anchor	SA_MB_saivasiddhantaparibhasamanjariHK	1550	1600	h second half of 16th c. CE | Sanderson 2009, The Śaiva Age (Vedajñānaguru II) [tantric-consensus sweep]
anchor	SA_GR14_ruphbr_u	1530	1555	m early-mid 16th c. CE | Authorship by Rūpa Gosvāmī (Gauḍīya Vaiṣṇava Vṛn [tantric-consensus sweep]
anchor	SA_GR14_hbhvil_u	1530	1560	m mid 16th c. CE | Authorship (Gopāla Bhaṭṭa Gosvāmin, with Digdarś [tantric-consensus sweep]
anchor	SA_MB_saaktaanandataramginiiHK	1500	1600	m 16th c. CE | Bühnemann 2003, Mandalas and Yantras in the Hind [tantric-consensus sweep]
anchor	SA_MB_diiksaadarsaHK	1550	1600	h second half of 16th c. CE | Sanderson 2009, The Śaiva Age (works of Vedajñān [tantric-consensus sweep]
anchor	SA_GR14_muktacau	1500	1600	m 16th c. CE | Tantra in Practice (D.G. White, ed.) 2000; cf. C [tantric-consensus sweep]
anchor	SA_MB_sivaarcanacandrikaaHK	1520	1593	h 1520-1593 CE | Freschi & Maas (eds.) 2017, Adaptive Reuse (E. F [tantric-consensus sweep]
anchor	SA_GR14_laghbh_u	1500	1600	m 16th c. CE | Companion to World Philosophies (Deutsch & Bonte [tantric-consensus sweep]
anchor	SA_MB_tararahasyaHK	1500	1600	m 16th c. CE | Encyclopedia of Tantra (Sadhu Santideva) 1999 [tantric-consensus sweep]
anchor	SA_GR14_ss6_priu	1517	1608	h 1517-1608 CE (16th c.) | Freschi & Maas (eds.) 2017, Adaptive Reuse (Okit [tantric-consensus sweep]
anchor	SA_GR14_ss5_bhku	1517	1608	h 1517-1608 CE (16th c.) | Freschi & Maas (eds.) 2017, Adaptive Reuse (Okit [tantric-consensus sweep]
anchor	SA_GR14_jivrkadu	1517	1608	h 1517-1608 CE (16th c.) | Freschi & Maas (eds.) 2017, Adaptive Reuse (Okit [tantric-consensus sweep]
anchor	SA_GR14_ss1_tatu	1550	1600	m later 16th c. CE | Standard Gauḍīya chronology (Jīva Gosvāmī c. 151 [tantric-consensus sweep]
anchor	SA_GR14_ss2_bhgu	1550	1600	m later 16th c. CE | Standard Gauḍīya chronology (Jīva Gosvāmī c. 151 [tantric-consensus sweep]
anchor	SA_MB_brhattantrasaaraHK	1575	1625	m late 16th–early 17th c. CE | Goudriaan (ed.), Ritual and Speculation in Early [tantric-consensus sweep]
anchor	SA_GR14_ss4_krsu	1550	1600	m later 16th c. CE | Standard Gauḍīya chronology (Jīva Gosvāmī c. 151 [tantric-consensus sweep]
anchor	SA_GR14_ss3_paru	1550	1600	m later 16th c. CE | Standard Gauḍīya chronology (Jīva Gosvāmī c. 151 [tantric-consensus sweep]
anchor	SA_MB_Sritattvacintamani_1-5_HK	1500	1600	h 16th c. CE | N. N. Bhattacharyya, History of the Tantric Reli [tantric-consensus sweep]
anchor	SA_MB_Tararahasyavrtti2HK	1605	1655	h 1630 CE | Alexis Sanderson, The Śaiva Age (2009) [tantric-consensus sweep]
anchor	SA_T02_n3011u	1600	1650	h early-mid 17th c. CE | Bendall, Catalogue of the Sanskrit Manuscripts i [tantric-consensus sweep]
anchor	SA_MB_taaraabhaktisudhaarnavaHK	1675	1700	m late 17th c. CE | N. N. Bhattacharyya, History of the Tantric Reli [tantric-consensus sweep]
anchor	SA_MB_kulamuktikalloliniHK	1680	1714	m late 17th - early 18th c. CE | A. Bharati, Tantric Tradition (1965) on Navasiṃh [tantric-consensus sweep]
anchor	SA_MB_TantracintamaniHK	1680	1714	m late 17th - early 18th c. CE | A. Bharati, Tantric Tradition (1965) [tantric-consensus sweep]
anchor	SA_MB_varivasyaarahasyaHK	1700	1750	h early-mid 18th c. CE | Hüsken/Neubert, Negotiating Rites (2011); D. R.  [tantric-consensus sweep]
anchor	SA_MB_MahaayaagakramaHK	1700	1750	h early-mid 18th c. CE | Hüsken/Neubert, Negotiating Rites (2011); D. R.  [tantric-consensus sweep]
anchor	SA_MB_pranotisini_6_HK	1795	1845	m early 19th c. CE (c. 1820) | Santideva, Encyclopedia of Tantra 1999; Benard,  [tantric-consensus sweep]
anchor	SA_MB_Pranatosini_2_DharmaKandaHK	1795	1845	m early 19th c. CE (c. 1820) | Santideva, Encyclopedia of Tantra 1999; Benard,  [tantric-consensus sweep]
anchor	SA_MB_Pranatosini_4_KamyaKandaHK	1795	1845	m early 19th c. CE (c. 1820) | Santideva, Encyclopedia of Tantra 1999; Benard,  [tantric-consensus sweep]
anchor	SA_MB_Pranatosini_3_ArthaKandaHK	1795	1845	m early 19th c. CE (c. 1820) | Santideva, Encyclopedia of Tantra 1999; Benard,  [tantric-consensus sweep]
anchor	SA_MB_Pranatosini_5_BhaktiKandaHK	1795	1845	m early 19th c. CE (c. 1820) | Santideva, Encyclopedia of Tantra 1999; Benard,  [tantric-consensus sweep]
anchor	SA_MB_Pranatosini_1_SargaKandaHK	1795	1845	m early 19th c. CE (c. 1820) | Santideva, Encyclopedia of Tantra 1999; Benard,  [tantric-consensus sweep]
anchor	SA_MB_sriitatvanidhiHK	1800	1860	m early-mid 19th c. CE (c. 182 | External: composed under patronage of Kṛṣṇarāja  [tantric-consensus sweep]
anchor	SA_MB_saaktapramodaHK	1865	1915	m late 19th c. CE (c. 1890) | External: Deva Nandan Singh's compilation, first [tantric-consensus sweep]
anchor	SA_T02_mpvv_u	500	693	m 6th-7th c. CE | Nakamura, Indian Buddhism: A Survey (1980); cf.  [tantric-consensus sweep]
anchor	SA_T02_Kuladatta_Kriyāsaṃgrahapañjikā-partial_Tanemura_2020	1045	1200	h late 11th-12th c. CE | Onians 2002 (Kuladatta fl.1045-); Tanemura 2004  [tantric-consensus sweep]
anchor	SA_T02_Puṇḍarīka_Vimalaprabhā-Laghukālachakratantra_Upadhyaya_1986	1010	1050	h early 11th c. CE (c. 1027) | Multiple (Karmay 1998; Cornu; Ardussi) on Kālaca [tantric-consensus sweep]
anchor	SA_T02_Vajragarbha_Ṣaṭsāhasrikā-Hevajratantra-Ch1_Sferra_2009	900	1100	h 10th-11th c. CE | Arnold (ed.), As Long as Space Endures (Kalacakr [tantric-consensus sweep]
anchor	SA_MB_guhyasamaajatantraHK	725	775	h mid 8th c. CE | Davidson 2002, Indian Esoteric Buddhism: A Socia [tantric-consensus sweep]
anchor	SA_T02_vamvuppu	985	1025	h early 11th c. CE (c. 1004) | Bajracharya 2018 (Monasticism in Nepal-Mandala)  [tantric-consensus sweep]

# --- Buddhist texts: latest research, dated to OUR recension (reference-literature ag-sweep) ---
anchor	SA_K10_bsu023_u	-50	200	m 1st-2nd c. CE (Mahāyāna sū | Schoening, The Śālistamba-sūtra and its In [buddhist recension sweep]
anchor	SA_K10_ekottaru	400	700	m 5th-7th c. CE (extant Sans | Nattier, A Few Good Men (2003) and William [buddhist recension sweep]
anchor	SA_K10_bsu031	-50	200	m 1st-2nd c. CE (Mahāyāna sū | Schoening, The Śālistamba-sūtra and its In [buddhist recension sweep]
anchor	SA_T07_dhrmsk_u	-200	-50	m 2nd-1st c. BCE (compositio | Potter (ed.), Encyclopedia of Indian Philo [buddhist recension sweep]
anchor	SA_K01_bhivin_u	1	500	m 1st-5th c. CE (BHS Ārya-Ma | Nolot, Règles de discipline des nonnes bou [buddhist recension sweep]
anchor	SA_K01_n742u	1	500	m 1st-5th c. CE (BHS Ārya-Ma | Nolot, Règles de discipline des nonnes bou [buddhist recension sweep]
anchor	SA_K10_udanav_u	100	300	m ca. 2nd-3rd c. CE (Sarvāst | Dhammajoti, The Chinese Version of Dharmap [buddhist recension sweep]
anchor	SA_K14_mavadsuu	150	400	m ca. 2nd-4th c. CE (Sarvāst | Fukita 2003 (ed., Turkestan MSS); Dhammadi [buddhist recension sweep]
anchor	SA_K14_n445u	150	400	m ca. 2nd-4th c. CE (Sarvāst | Fukita 2003 (ed., Turkestan MSS); Dhammadi [buddhist recension sweep]
anchor	SA_K10_bsu036_u	350	500	m ca. 4th-5th c. CE (develop | Nakamura, Indian Buddhism (1980); Karashim [buddhist recension sweep]
anchor	SA_K10_adbhutdu	425	600	m ca. 5th-6th c. CE (Gilgit  | Bentor, 'The Redactions of the Adbhutadhar [buddhist recension sweep]
anchor	SA_K10_n443u	350	450	m 4th-5th c. CE (extant Sans | Nakamura, Indian Buddhism (1980), p.181 ar [buddhist recension sweep]
anchor	SA_K01_vinv171u	300	500	h 4th-5th c. CE (Mūlasarvāst | Lamotte, History of Indian Buddhism, p.657 [buddhist recension sweep]
anchor	SA_K06_vchedpgu	400	650	m Gilgit Sanskrit recension, | Westerhoff (2018) PP 'contraction phase' 3 [buddhist recension sweep]
anchor	SA_K12_bsu012_u	400	650	m extant Sanskrit (Gilgit-de | Buswell & Lopez, Princeton Dictionary of B [buddhist recension sweep]
anchor	SA_K12_n283u	400	650	m extant Sanskrit (Gilgit-de | Buswell & Lopez, Princeton Dictionary of B [buddhist recension sweep]
anchor	SA_K10_avsata_u	400	700	m 5th–7th c. CE (well-develo | monograph on the Avadānaśataka summarising [buddhist recension sweep]
anchor	SA_K06_vchedppu	425	600	m 5th–6th c. CE (extant Gilg | Gregory Schopen, The Manuscript of the Vaj [buddhist recension sweep]
anchor	SA_T11_bsa070_u	150	250	m ca. 2nd–3rd c. CE original | Y. Kajiyama in Steinkellner (ed.), Studies [buddhist recension sweep]
anchor	SA_K05_adsp70-u	550	675	m 6th-7th c. CE (extant Gilg | von Hinüber on Gilgit MSS palaeography (Er [buddhist recension sweep]
anchor	SA_K09_bsu016_u	350	450	m 4th-5th c. CE (extant expa | Nakamura, Indian Buddhism (1980); Buddhabh [buddhist recension sweep]
anchor	SA_K05_adsp55-u	550	675	m 6th-7th c. CE (extant Gilg | von Hinüber on Gilgit MSS palaeography (Er [buddhist recension sweep]
anchor	SA_K01_vinv12_u	300	499	m 4th-5th c. CE (extant Mūla | Schopen via Vogel, cited in French & Natha [buddhist recension sweep]
anchor	SA_K01_vinv10_u	300	499	m 4th-5th c. CE (extant Mūla | Schopen via Vogel, cited in French & Natha [buddhist recension sweep]
anchor	SA_K06_bsu028pu	750	800	h late 8th c. CE (extant San | Buswell & Lopez, Princeton Dictionary of B [buddhist recension sweep]
anchor	SA_K01_vinv11_u	300	499	m 4th-5th c. CE (extant Mūla | Schopen via Vogel, cited in French & Natha [buddhist recension sweep]
anchor	SA_K01_vinv08_u	300	499	m 4th-5th c. CE (extant Mūla | Schopen via Vogel, cited in French & Natha [buddhist recension sweep]
anchor	SA_K01_vinv07_u	300	499	m 4th-5th c. CE (extant Mūla | Schopen via Vogel, cited in French & Natha [buddhist recension sweep]
anchor	SA_K06_bsu053_u	690	740	h early 8th c. CE (extended/ | Jayarava Attwood, 'Preliminary Notes on th [buddhist recension sweep]
anchor	SA_K12_bsu035_u	525	700	m 6th-7th c. CE (expanded/lo | Dan Martin, Bibliography of Tib./Skt. Phil [buddhist recension sweep]
anchor	SA_K10_samghscu	400	475	m 5th c. CE (extant recensio | Schopen/Granoff-Shinohara vol. (Sins and S [buddhist recension sweep]
anchor	SA_K10_bsu045_u	425	550	m 5th-6th c. CE (extant Gilg | Schopen/Granoff-Shinohara vol. (Sins and S [buddhist recension sweep]
anchor	SA_T09_gopjatmu	600	800	h 7th-8th c. CE | Buswell, Encyclopedia of Buddhism; Khoroch [buddhist recension sweep]
anchor	SA_K10_bsu009_u	450	650	m Gilgit Sanskrit recension, | Lamotte, History of Indian Buddhism (1988/ [buddhist recension sweep]
anchor	SA_K10_maivy_pu	450	700	m extant Sanskrit recension  | Lamotte, History of Indian Buddhism (1988/ [buddhist recension sweep]
anchor	SA_K10_bsu034_u	425	575	m 5th-6th c. CE (Nepalese-MS | Nakamura, Indian Buddhism (1980) [buddhist recension sweep]
anchor	SA_K10_tbimbk_u	500	700	m 6th-7th c. CE (extant Gilg | Mette, 'Zwei kleine Fragmente aus Gilgit'  [buddhist recension sweep]
anchor	SA_K10_bsu032_u	300	700	m extant Sanskrit (Nepalese) | Nattier, 'The Indian Roots of Pure Land Bu [buddhist recension sweep]
anchor	SA_K10_sukhvysu	300	700	m extant Sanskrit (Nepalese) | Nattier, 'The Indian Roots of Pure Land Bu [buddhist recension sweep]
anchor	SA_K07_bsu033_u	300	700	m extant Sanskrit (Nepalese) | Nattier, 'The Indian Roots of Pure Land Bu [buddhist recension sweep]
anchor	SA_K07_sukhvylu	300	700	m extant Sanskrit (Nepalese) | Nattier, 'The Indian Roots of Pure Land Bu [buddhist recension sweep]
anchor	SA_K01_vinv05_u	350	600	m 4th-6th c. CE (Gilgit MSS  | Schopen, Buddhist Monks and Business Matte [buddhist recension sweep]
anchor	SA_K06_bsu052_u	450	600	m 5th-6th c. CE (extant Sans | Nakamura, Indian Buddhism (1980); Chinese  [buddhist recension sweep]
anchor	SA_K10_srajsgiu	450	600	m 5th-6th c. CE (Gilgit rece | Nakamura, Indian Buddhism (1980) [buddhist recension sweep]
anchor	SA_K10_bsu021_u	425	575	m 5th-6th c. CE (expanded Ne | Nakamura, Indian Buddhism. A Survey (1980) [buddhist recension sweep]
anchor	SA_K01_bsa068_u	150	400	m 2nd-4th c. CE (Mūlasarvāst | Schopen (Buddhist Monks and Business Matte [buddhist recension sweep]
anchor	SA_K10_dbsu1-4u	400	700	m 5th-7th c. CE (extant Cent | Holz, The Bhadrakarātrī-sūtra: Apotropaic  [buddhist recension sweep]
anchor	SA_K10_mahama_u	800	1100	m 9th-10th c. CE (extant San | Holz, The Bhadrakarātrī-sūtra (citing Hida [buddhist recension sweep]
anchor	SA_K14_sumagavu	1027	1077	h 1052 CE (Kṣemendra's Avadā | Wood, Buddha and the Shape of Belief (2005 [buddhist recension sweep]
anchor	SA_K10_bsu006_u	550	675	m 6th-7th c. CE (extant Gilg | von Hinüber (1986/7) on the Gilgit colopho [buddhist recension sweep]
anchor	SA_K14_ajitsvyu	550	675	m 6th-7th c. CE (extant Gilg | von Hinüber (1986/7) on the Gilgit colopho [buddhist recension sweep]
anchor	SA_K12_bsu003_u	700	850	m 8th-9th c. CE (dhāraṇī sūt | Mei Ching Hsuan 2009 (Chinese/Tibetan tran [buddhist recension sweep]
anchor	SA_K12_n259u	700	850	m 8th-9th c. CE (dhāraṇī sūt | Mei Ching Hsuan 2009; Viehbeck (Dunhuang m [buddhist recension sweep]
anchor	SA_K01_vinv02_u	300	500	m 4th-5th c. CE (Mūlasarvāst | Lamotte, History of Indian Buddhism p. 657 [buddhist recension sweep]
anchor	SA_K12_Āgama_Mañjuśrīnāmasaṃgīti_Mukherji_1963	750	800	m late 8th c. CE (compositio | Davidson 1981 ('The Litany of Names of Mañ [buddhist recension sweep]
anchor	SA_K10_arthaviniscaya	760	810	h late 8th c. CE (Nibandhana | N. H. Samtani, ed., The Arthaviniścaya-sūt [buddhist recension sweep]
anchor	SA_T06_-ybh-klesa	300	400	h 4th c. CE (Yogācārabhūmi a | U. T. Kragh (ed.), The Foundation for Yoga [buddhist recension sweep]
anchor	SA_T04_bsa040_u	1010	1054	h early-mid 11th c. CE (Atiś | Standard dating of Atiśa Dīpaṃkaraśrījñāna [buddhist recension sweep]
anchor	SA_K14_n285u	100	400	m c. 2nd-4th c. CE (extant S | Waldschmidt, Das Catuṣpariṣatsūtra (1952-6 [buddhist recension sweep]
anchor	SA_K10_sf280_sc	75	175	m early 2nd c. CE (Aśvaghoṣa | Lüders, Bruchstücke buddhistischer Dramen  [buddhist recension sweep]
anchor	SA_K10_nagsu_pu	100	500	m c. 2nd-5th c. CE (extant C | Bongard-Levin, Boucher, Fukita & Wille, Th [buddhist recension sweep]
anchor	SA_T10_n3009u	1030	1050	h c. 1040 CE (composed by At | Apple, Atiśa Dīpaṃkara: Lives of the Maste [buddhist recension sweep]
anchor	SA_T10_cansisy2	400	500	m 5th c. CE (Candragomin's c | Buswell & Lopez, Princeton Dictionary of B [buddhist recension sweep]
anchor	SA_K12_madadh_u	600	800	m 7th-8th c. CE (extant Sans | Gergely Hidas, 'Mahā-Daṇḍadhāraṇī-Śītavatī [buddhist recension sweep]
anchor	SA_T04_bsa042_u	1010	1054	h first half 11th c. CE (Ati | Buswell & Lopez, Princeton Dictionary of B [buddhist recension sweep]
anchor	SA_K12_Āgama_Mañjuśrīmūlakalpa_Shastri_1925	700	800	m 8th c. CE (latest strata o | Glenn Wallis, Mediating the Power of Buddh [buddhist recension sweep]
anchor	SA_K12_Āgama_Mañjuśrīnāmasaṃgīti_Vira-Chandra_1966	675	775	m c. 700 CE (extant Sanskrit | Anthony Tribe, 'Mañjuśrīnāmasaṃgīti' (Bril [buddhist recension sweep]
anchor	SA_K12_adhsatpu	675	775	m late 7th–8th c. CE (extant | J. W. de Jong, A New History of Tantric Li [buddhist recension sweep]
anchor	SA_K12_bsu056_u	675	775	m late 7th–8th c. CE (extant | J. W. de Jong, A New History of Tantric Li [buddhist recension sweep]
anchor	SA_K10_dvavims_tu	1000	1150	m medieval, c. 11th–12th c.  | J. H. Tatelman, Translation and Study of t [buddhist recension sweep]
anchor	SA_K12_n2920u	680	730	m late 7th-early 8th c. CE ( | Orzech/Sørensen/Payne, Esoteric Buddhism a [buddhist recension sweep]
anchor	SA_T04_bsa038_u	1000	1054	h first half 11th c. CE (aut | Apple, Jewels of the Middle Way (2019); Lo [buddhist recension sweep]
anchor	SA_T06_trimsikatika	690	750	m c. 690-750 CE (late 7th-8t | Vose, Birth of Prāsaṅgika, 2005 (Vinītadev [buddhist recension sweep]
anchor	SA_K12_Āgama_Vajrabhairavatantra_Wenta_2020	900	1000	m 10th c. CE (revealed to La | Kapstein (ed.), Buddhism between Tibet and [buddhist recension sweep]
anchor	SA_K01_bsu011_u	350	500	m 4th-5th c. CE (early Yogāc | Davidson, Pure realms and hidden abodes (t [buddhist recension sweep]
anchor	SA_K14_n2947u	800	850	m early 9th c. CE (tantric C | David B. Gray & R. Overbey (eds.), Tantric [buddhist recension sweep]
anchor	SA_K14_ratnml_u	1425	1475	m mid-15th c. CE (Newar vers | Will Tuladhar-Douglas, Remaking Buddhism i [buddhist recension sweep]
anchor	SA_K01_vinv13_u	300	500	m 4th-5th c. CE redaction (M | Lamotte, Histoire du bouddhisme indien, p. [buddhist recension sweep]
anchor	SA_K12_Āgama_Mañjuśrīnāmasaṃgīti_Davidson_1981	750	800	m late 8th c. CE (extant San | Davidson, 'The Litany of Names of Mañjuśrī [buddhist recension sweep]
anchor	SA_K12_Āgama_Mañjuśrīnāmasaṃgīti_Minaev_1887	750	800	m late 8th c. CE (extant San | Davidson, 'The Litany of Names of Mañjuśrī [buddhist recension sweep]
anchor	SA_K12_Āgama_Tantrasadbhāva_Bang_2018	850	1050	m 9th-11th c. CE (developed  | Sanderson (cited in Gray, Cakrasamvara Tan [buddhist recension sweep]
anchor	SA_K12_manjn1pu	750	800	h late 8th c. CE (extant San | Davidson, Indian Esoteric Buddhism (citing [buddhist recension sweep]
anchor	SA_K12_manjnspu	750	800	h late 8th c. CE (extant San | Davidson, Indian Esoteric Buddhism (citing [buddhist recension sweep]
anchor	SA_K10_kathinau	1200	1600	m post-1200 CE (Nepalese Bud | Tuladhar-Douglas, Remaking Buddhism in Med [buddhist recension sweep]
anchor	SA_K12_bsu004_u	700	1000	m 8th-10th c. CE (developed  | Nakamura, Indian Buddhism: A Survey; Snell [buddhist recension sweep]
anchor	SA_K14_ahovk2_u	1200	1700	m post-1200 CE (Nepalese Bud | Tuladhar-Douglas, Remaking Buddhism in Med [buddhist recension sweep]
anchor	SA_K08_bsu029_u	560	610	h late 6th c. CE (extant San | Daniel Boucher, Bodhisattvas of the Forest [buddhist recension sweep]
anchor	SA_K03_psp_5u	500	700	h 6th-7th c. CE (revised rec | John J. Makransky, Controversy over Dharma [buddhist recension sweep]
anchor	SA_K03_psp_4u	500	700	h 6th-7th c. CE (revised rec | John J. Makransky, Controversy over Dharma [buddhist recension sweep]
anchor	SA_K03_psp_6-8u	500	700	h 6th-7th c. CE (revised rec | John J. Makransky, Controversy over Dharma [buddhist recension sweep]
anchor	SA_K07_pplg202u	500	700	m 6th-7th c. CE (Gilgit manu | von Hinüber (2014) and standard palaeograp [buddhist recension sweep]
anchor	SA_K12_mamuka	725	1000	m c. 750-1000 CE (extant San | Davidson, Indian Esoteric Buddhism (2002); [buddhist recension sweep]
anchor	SA_K12_bsu041_u	725	1000	m c. 750-1000 CE (extant San | Davidson, Indian Esoteric Buddhism (2002); [buddhist recension sweep]
anchor	SA_T04_bsa008_u	993	1043	m early-to-mid 11th c. CE (r | R. C. Negi (ed.), Atīśaviracitā Ekādaśagra [buddhist recension sweep]
anchor	SA_T08_jsphustu	500	600	m 6th c. CE (Jayarakṣita's ṭ | Derrett & Jayarakṣita (1983), as reported  [buddhist recension sweep]
anchor	SA_T17_sabhivpu	250	400	m 3rd-4th c. CE (received Ma | Roe 2014; Powers 2009; Winternitz/Jones tr [buddhist recension sweep]
anchor	SA_T06_bsa023_u	320	430	h 4th-5th c. CE (Vasubandhu) | Lévi (Deux traités de Vasubandhu); Hirakaw [buddhist recension sweep]
anchor	SA_T11_bsa057_u	600	660	h early-mid 7th c. CE (Dharm | Tillemans, Dharmakīrti's Pramāṇavārttika c [buddhist recension sweep]
anchor	SA_T03_knavslou	660	760	m 7th-8th c. CE (Kambalapāda | Nakamura, Indian Buddhism, 1980 (Kambalapā [buddhist recension sweep]
anchor	SA_T08_sghancsu	350	500	m 4th-5th c. CE (Mahāsāṃghik | Williams (ed.), Buddhism: Critical Concept [buddhist recension sweep]
anchor	SA_T11_bsa0554u	800	900	m 9th c. CE (Paṇḍita Aśoka;  | Nakamura, Indian Buddhism: A Survey with B [buddhist recension sweep]
anchor	SA_T17_vtrksopu	1000	1100	m 11th c. CE | Kajiyama, Introduction to Buddhist Philoso [buddhist recension sweep]
anchor	SA_T11_bsa072_u	1075	1125	h c. 1100 CE (late 11th-earl | Kajiyama, Introduction to Buddhist Philoso [buddhist recension sweep]
anchor	SA_K03_psp_2-3u	350	450	m 4th–5th c. CE (revised San | Conze/Dutt (via Nakamura, Indian Buddhism  [buddhist recension sweep]
anchor	SA_T05_nagsaliu	600	800	m 7th-8th c. CE (Yogācāra-in | Schoening, The Śālistamba-sūtra and its In [buddhist recension sweep]
anchor	SA_K03_pvspl_u	500	800	h 6th-8th c. CE (revised/rec | John J. Makransky, Buddhahood Embodied (19 [buddhist recension sweep]
anchor	SA_K03_pspdut2u	500	800	h 6th-8th c. CE (revised/rec | John J. Makransky, Buddhahood Embodied (19 [buddhist recension sweep]
anchor	SA_K14_mhvastuu	300	450	m compiled work; latest laye | Winternitz, History of Indian Literature I [buddhist recension sweep]
anchor	SA_T17_kukalpmu	100	200	h 2nd c. CE (Kumāralāta; the | Buswell, Encyclopedia of Buddhism; Nakamur [buddhist recension sweep]
anchor	SA_T17_matpra_u	100	200	h 2nd c. CE (Mātṛceṭa, conte | Nakamura, Indian Buddhism: A Survey with B [buddhist recension sweep]
anchor	SA_K01_vinv09_u	350	450	m 4th-5th c. CE (Mūlasarvāst | Lamotte, History of Indian Buddhism, p.657 [buddhist recension sweep]
anchor	SA_K01_vinv16_u	350	450	m 4th-5th c. CE (Mūlasarvāst | Lamotte, History of Indian Buddhism p.657  [buddhist recension sweep]
anchor	SA_K01_vinv14_u	350	450	m 4th-5th c. CE (Mūlasarvāst | Lamotte, History of Indian Buddhism p.657  [buddhist recension sweep]
anchor	SA_T06_bsa034	310	390	h 4th c. CE (Asaṅga, c. 310- | Nakamura, Indian Buddhism (1980); Wallis 2 [buddhist recension sweep]
anchor	SA_K14_mpsu_w_u	350	450	m 4th-5th c. CE (Mūlasarvāst | Lamotte (MSV 4th-5th c., via Shaw 2006); W [buddhist recension sweep]


# --- Epic: latest scholarly consensus via WebSearch (Brockington, Goldman/Pollock, Hiltebeitel, Fitzgerald) ---
anchor	SA_GE09_ram_03_u	-400	100	h 5th/4th c. BCE core onwa | John Brockington, The Sanskrit Epics (19 [epic web-consensus]
anchor	SA_GE09_ram_03pu	-400	100	h 5th/4th c. BCE core onwa | John Brockington, The Sanskrit Epics (19 [epic web-consensus]
anchor	SA_GE09_ram_04_u	-400	100	h 5th/4th c. BCE core onwa | John Brockington, The Sanskrit Epics (19 [epic web-consensus]
anchor	SA_GE09_ram_02su	-400	200	m 5th/4th c. BCE onward, p | John Brockington, The Sanskrit Epics (19 [epic web-consensus]
anchor	SA_GE09_ram_05_u	-400	200	m 5th/4th c. BCE onward, p | John Brockington, The Sanskrit Epics (19 [epic web-consensus]
anchor	SA_GE09_ram_02_u	-400	200	m 5th/4th c. BCE onward, p | John Brockington, The Sanskrit Epics (19 [epic web-consensus]
anchor	SA_GE09_ram_01_u	-100	200	h 1st c. BCE - 2nd c. CE ( | J. L. Brockington, 'The Sanskrit Epics'  [epic web-consensus]
anchor	SA_GE07_mbh_17_u	-100	400	m 1st c. BCE - 4th c. CE ( | J. L. Brockington, 'The Sanskrit Epics'  [epic web-consensus]
anchor	SA_GE09_ram_07_u	-100	300	h 1st c. BCE - 3rd c. CE ( | J. L. Brockington, 'The Sanskrit Epics'  [epic web-consensus]
anchor	SA_GE07_mbh_18_u	-100	400	m c. 1st c. BCE – 4th c. C | J. Brockington, The Sanskrit Epics (1998 [epic web-consensus]
anchor	SA_GE07_mbh_12_u	-100	400	h c. 1st c. BCE – 4th c. C | J. Fitzgerald (Chicago MBh transl., Bk 1 [epic web-consensus]
anchor	SA_GE07_mbh_10_u	-400	200	m c. 400 BCE – 200 CE (ear | J. Brockington, The Sanskrit Epics (1998 [epic web-consensus]
anchor	SA_GE07_mbh_11_u	-100	200	m c. 1st c. BCE – 2nd c. C | Brockington, The Sanskrit Epics (1998);  [epic web-consensus]
anchor	SA_GE07_mbh_16_u	1	300	m c. 1st c. CE – 3rd c. CE | Brockington, The Sanskrit Epics (1998);  [epic web-consensus]
anchor	SA_GE07_mbh_15_u	1	300	m c. 1st c. CE – 3rd c. CE | Brockington, The Sanskrit Epics (1998);  [epic web-consensus]
anchor	SA_GE07_mbh_13_u	100	400	h 1st-4th c. CE (latest di | Brockington, The Sanskrit Epics (Brill 1 [epic web-consensus]
anchor	SA_GE07_mbh_05_u	-400	100	m 4th c. BCE - 1st c. CE ( | Brockington, The Sanskrit Epics (Brill 1 [epic web-consensus]
anchor	SA_GE07_mbh_14_u	-100	300	m 1st c. BCE - 3rd c. CE ( | Brockington, The Sanskrit Epics (Brill 1 [epic web-consensus]
anchor	SA_GE07_hv_conpu	1	300	m 1st-3rd c. CE (khila/app | E. W. Hopkins (~200 CE); R. C. Hazra (4t [epic web-consensus]
anchor	SA_GE07_mbh_03_u	-400	100	m core battle-leading narr | Brockington, The Sanskrit Epics 1998 (ov [epic web-consensus]
anchor	SA_GE07_mbh_01_u	-400	100	m core epic with later fra | Brockington, The Sanskrit Epics 1998 (~4 [epic web-consensus]
anchor	SA_GE07_mbh_09_u	-300	100	m c. 200 BCE - 100 CE (nar | John Brockington, The Sanskrit Epics (19 [epic web-consensus]
anchor	SA_GE07_mbh_02_u	-300	100	m c. 300 BCE - 100 CE (nar | John Brockington, The Sanskrit Epics (19 [epic web-consensus]
anchor	SA_GE07_mbh_08_u	-300	100	m c. 200 BCE - 100 CE (nar | John Brockington, The Sanskrit Epics (19 [epic web-consensus]
anchor	SA_GE07_mbh_07_u	-400	100	m c. 400 BCE–100 CE (early | J. Brockington, The Sanskrit Epics (1998 [epic web-consensus]
anchor	SA_GE07_mbh_06_u	-400	100	m c. 400 BCE–100 CE (early | J. Brockington, The Sanskrit Epics (1998 [epic web-consensus]
anchor	SA_GE07_mbh_04_u	-400	100	m c. 400 BCE–100 CE (early | J. Brockington, The Sanskrit Epics (1998 [epic web-consensus]
anchor	SA_GE07_hv_apppu	1	300	m 1st-3rd c. CE (khila/app | Brockington, The Sanskrit Epics (1998);  [epic web-consensus]
